,Source,Target,Similarity
0,Albedo,Albedo,0.9999999999999999
1,Albedo,Amber,-0.2041241452319315
2,Albedo,Arataki Itto,0.13363062095621217
3,Albedo,Barbara,-0.3162277660168379
4,Albedo,Beidou,-0.22360679774997896
5,Albedo,Bennett,-0.1178511301977579
6,Albedo,Chongyun,0.47434164902525683
7,Albedo,Diluc,0.14433756729740643
8,Albedo,Diona,-0.2357022603955158
9,Albedo,Eula,0.7826237921249264
10,Albedo,Fischl,0.35355339059327373
11,Albedo,Ganyu,0.3333333333333333
12,Albedo,Gorou,0.6681531047810608
13,Albedo,Hu Tao,-0.24999999999999994
14,Albedo,Jean,-0.17677669529663687
15,Albedo,Kaedehara Kazuha,-0.13363062095621217
16,Albedo,Kaeya,-0.4008918628686365
17,Albedo,Kamisato Ayaka,0.12499999999999999
18,Albedo,Kamisato Ayato,0.24999999999999994
19,Albedo,Keqing,-0.15811388300841894
20,Albedo,Kujou Sara,-0.6249999999999999
21,Albedo,Lisa,0.13363062095621217
22,Albedo,Mona,-0.2886751345948129
23,Albedo,Ningguang,0.12499999999999997
24,Albedo,Noelle,0.4082482904638631
25,Albedo,Qiqi,0.6681531047810608
26,Albedo,Raiden Shogun,0.5303300858899106
27,Albedo,Razor,-0.5103103630798288
28,Albedo,Rosaria,-0.5590169943749475
29,Albedo,Sangonomiya Kokomi,0.2357022603955158
30,Albedo,Sayu,0.1178511301977579
31,Albedo,Shenhe,-0.17677669529663687
32,Albedo,Sucrose,0.5345224838248487
33,Albedo,Tartaglia,-0.47434164902525683
34,Albedo,Thoma,-0.6249999999999999
35,Albedo,Venti,0.24999999999999997
36,Albedo,Xiangling,-0.2886751345948129
37,Albedo,Xiao,0.47434164902525683
38,Albedo,Xingqiu,0.12499999999999997
39,Albedo,Xinyan,-0.588348405414552
40,Albedo,Yanfei,-0.17677669529663687
41,Albedo,Yelan,-0.6681531047810608
42,Albedo,Yoimiya,0.6123724356957946
43,Albedo,Yun Jin,-0.5345224838248487
44,Amber,Amber,1.0000000000000002
45,Amber,Arataki Itto,0.4364357804719848
46,Amber,Beidou,0.5477225575051662
47,Amber,Bennett,0.19245008972987526
48,Amber,Diona,-0.19245008972987526
49,Amber,Eula,-0.1825741858350554
50,Amber,Ganyu,-0.27216552697590873
51,Amber,Hu Tao,0.2041241452319315
52,Amber,Kaedehara Kazuha,0.2182178902359924
53,Amber,Kamisato Ayaka,-0.408248290463863
54,Amber,Keqing,0.25819888974716115
55,Amber,Kujou Sara,0.2041241452319315
56,Amber,Lisa,-0.2182178902359924
57,Amber,Ningguang,0.2041241452319315
58,Amber,Noelle,-0.1666666666666667
59,Amber,Qiqi,-0.4364357804719848
60,Amber,Razor,0.5000000000000001
61,Amber,Rosaria,0.3651483716701108
62,Amber,Sangonomiya Kokomi,0.19245008972987526
63,Amber,Sayu,0.3849001794597505
64,Amber,Shenhe,0.2886751345948129
65,Amber,Tartaglia,0.25819888974716115
66,Amber,Thoma,0.2041241452319315
67,Amber,Xiao,-0.5163977794943223
68,Amber,Xingqiu,-0.2041241452319315
69,Amber,Xinyan,0.16012815380508716
70,Amber,Yae Miko,0.2357022603955159
71,Amber,Yanfei,0.2886751345948129
72,Amber,Yun Jin,0.4364357804719848
73,Arataki Itto,Arataki Itto,0.9999999999999997
74,Arataki Itto,Barbara,0.3380617018914066
75,Arataki Itto,Beidou,0.35856858280031806
76,Arataki Itto,Diluc,-0.1543033499620919
77,Arataki Itto,Diona,0.2519763153394848
78,Arataki Itto,Eula,0.11952286093343936
79,Arataki Itto,Fischl,0.1889822365046136
80,Arataki Itto,Ganyu,-0.44543540318737396
81,Arataki Itto,Gorou,0.14285714285714282
82,Arataki Itto,Jean,0.1889822365046136
83,Arataki Itto,Kaedehara Kazuha,0.28571428571428564
84,Arataki Itto,Kaeya,0.2857142857142857
85,Arataki Itto,Kamisato Ayaka,-0.26726124191242434
86,Arataki Itto,Kamisato Ayato,-0.13363062095621217
87,Arataki Itto,Keqing,-0.1690308509457033
88,Arataki Itto,Klee,0.1889822365046136
89,Arataki Itto,Kujou Sara,-0.13363062095621217
90,Arataki Itto,Lisa,-0.28571428571428564
91,Arataki Itto,Ningguang,0.13363062095621217
92,Arataki Itto,Noelle,-0.1091089451179962
93,Arataki Itto,Qiqi,-0.14285714285714285
94,Arataki Itto,Raiden Shogun,0.1889822365046136
95,Arataki Itto,Razor,0.2182178902359924
96,Arataki Itto,Sayu,0.3779644730092272
97,Arataki Itto,Shenhe,0.1889822365046136
98,Arataki Itto,Sucrose,0.28571428571428564
99,Arataki Itto,Tartaglia,0.1690308509457033
100,Arataki Itto,Thoma,0.13363062095621217
101,Arataki Itto,Venti,0.5345224838248487
102,Arataki Itto,Xiangling,0.1543033499620919
103,Arataki Itto,Xinyan,0.20965696734438363
104,Arataki Itto,Yae Miko,-0.3086066999241838
105,Arataki Itto,Yanfei,-0.5669467095138407
106,Arataki Itto,Yelan,-0.14285714285714282
107,Arataki Itto,Yoimiya,0.2182178902359924
108,Arataki Itto,Yun Jin,0.4285714285714285
109,Arataki Itto,Zhongli,-0.14285714285714282
110,Barbara,Barbara,0.9999999999999999
111,Barbara,Beidou,0.4242640687119285
112,Barbara,Bennett,-0.5962847939999438
113,Barbara,Chongyun,-0.7999999999999999
114,Barbara,Diluc,-0.36514837167011077
115,Barbara,Diona,0.2981423969999719
116,Barbara,Eula,-0.4242640687119285
117,Barbara,Ganyu,-0.31622776601683794
118,Barbara,Gorou,-0.6761234037828131
119,Barbara,Jean,-0.22360679774997896
120,Barbara,Kaedehara Kazuha,0.1690308509457033
121,Barbara,Kaeya,0.3380617018914066
122,Barbara,Kamisato Ayaka,-0.15811388300841894
123,Barbara,Kamisato Ayato,-0.15811388300841894
124,Barbara,Keqing,-0.19999999999999998
125,Barbara,Klee,0.22360679774997896
126,Barbara,Lisa,-0.1690308509457033
127,Barbara,Mona,0.18257418583505539
128,Barbara,Qiqi,-0.1690308509457033
129,Barbara,Rosaria,0.1414213562373095
130,Barbara,Sangonomiya Kokomi,-0.2981423969999719
131,Barbara,Sayu,-0.14907119849998599
132,Barbara,Sucrose,-0.1690308509457033
133,Barbara,Tartaglia,0.39999999999999997
134,Barbara,Thoma,0.3162277660168379
135,Barbara,Xiangling,0.7302967433402215
136,Barbara,Xiao,-0.19999999999999998
137,Barbara,Xinyan,0.6201736729460423
138,Barbara,Yae Miko,-0.36514837167011077
139,Barbara,Yanfei,-0.4472135954999579
140,Barbara,Yelan,0.6761234037828131
141,Barbara,Yoimiya,-0.25819888974716115
142,Barbara,Yun Jin,0.3380617018914066
143,Beidou,Beidou,0.9999999999999999
144,Beidou,Bennett,-0.21081851067789195
145,Beidou,Chongyun,-0.4242640687119285
146,Beidou,Diluc,-0.1290994448735806
147,Beidou,Eula,-0.3
148,Beidou,Gorou,-0.35856858280031806
149,Beidou,Hu Tao,0.33541019662496846
150,Beidou,Jean,-0.31622776601683794
151,Beidou,Kaedehara Kazuha,0.2390457218668787
152,Beidou,Kaeya,0.23904572186687872
153,Beidou,Kamisato Ayaka,-0.4472135954999579
154,Beidou,Kamisato Ayato,-0.22360679774997896
155,Beidou,Klee,0.15811388300841897
156,Beidou,Kujou Sara,0.11180339887498948
157,Beidou,Lisa,-0.23904572186687872
158,Beidou,Ningguang,-0.33541019662496846
159,Beidou,Noelle,-0.0912870929175277
160,Beidou,Qiqi,-0.35856858280031806
161,Beidou,Raiden Shogun,-0.15811388300841897
162,Beidou,Razor,0.2738612787525831
163,Beidou,Rosaria,0.49999999999999994
164,Beidou,Sangonomiya Kokomi,-0.21081851067789198
165,Beidou,Sayu,0.10540925533894598
166,Beidou,Shenhe,0.31622776601683794
167,Beidou,Sucrose,-0.11952286093343936
168,Beidou,Tartaglia,0.1414213562373095
169,Beidou,Thoma,0.11180339887498947
170,Beidou,Xiangling,0.12909944487358058
171,Beidou,Xiao,-0.4242640687119285
172,Beidou,Xingqiu,-0.4472135954999579
173,Beidou,Xinyan,0.43852900965351466
174,Beidou,Yelan,0.35856858280031806
175,Beidou,Yoimiya,-0.1825741858350554
176,Beidou,Yun Jin,0.2390457218668787
177,Beidou,Zhongli,-0.23904572186687872
178,Bennett,Bennett,0.9999999999999997
179,Bennett,Chongyun,0.5962847939999438
180,Bennett,Diluc,0.408248290463863
181,Bennett,Diona,-0.1111111111111111
182,Bennett,Eula,0.10540925533894598
183,Bennett,Ganyu,-0.23570226039551587
184,Bennett,Gorou,0.5039526306789696
185,Bennett,Hu Tao,0.1178511301977579
186,Bennett,Jean,0.5
187,Bennett,Kaeya,-0.3779644730092272
188,Bennett,Kamisato Ayaka,0.2357022603955158
189,Bennett,Kamisato Ayato,0.1178511301977579
190,Bennett,Keqing,0.44721359549995787
191,Bennett,Klee,-0.3333333333333333
192,Bennett,Kujou Sara,0.35355339059327373
193,Bennett,Lisa,-0.1259881576697424
194,Bennett,Mona,0.13608276348795434
195,Bennett,Ningguang,0.2357022603955158
196,Bennett,Noelle,-0.2886751345948129
197,Bennett,Qiqi,-0.1259881576697424
198,Bennett,Razor,0.2886751345948129
199,Bennett,Rosaria,0.21081851067789195
200,Bennett,Sangonomiya Kokomi,0.3333333333333333
201,Bennett,Sayu,0.4444444444444444
202,Bennett,Shenhe,0.3333333333333333
203,Bennett,Tartaglia,-0.14907119849998599
204,Bennett,Thoma,0.1178511301977579
205,Bennett,Venti,-0.1178511301977579
206,Bennett,Xiangling,-0.5443310539518174
207,Bennett,Xiao,-0.14907119849998596
208,Bennett,Xinyan,-0.2773500981126146
209,Bennett,Yae Miko,0.13608276348795437
210,Bennett,Yanfei,0.16666666666666666
211,Bennett,Yelan,-0.5039526306789696
212,Bennett,Yoimiya,0.19245008972987526
213,Bennett,Zhongli,-0.1259881576697424
214,Chongyun,Chongyun,0.9999999999999999
215,Chongyun,Diluc,0.36514837167011077
216,Chongyun,Diona,-0.14907119849998596
217,Chongyun,Eula,0.565685424949238
218,Chongyun,Fischl,0.22360679774997896
219,Chongyun,Ganyu,0.10540925533894599
220,Chongyun,Gorou,0.8451542547285164
221,Chongyun,Jean,0.22360679774997896
222,Chongyun,Kaeya,-0.5070925528371099
223,Chongyun,Kamisato Ayaka,0.15811388300841894
224,Chongyun,Kamisato Ayato,0.15811388300841894
225,Chongyun,Keqing,0.19999999999999998
226,Chongyun,Klee,-0.22360679774997896
227,Chongyun,Kujou Sara,-0.15811388300841894
228,Chongyun,Mona,-0.18257418583505539
229,Chongyun,Ningguang,0.15811388300841894
230,Chongyun,Qiqi,0.3380617018914066
231,Chongyun,Raiden Shogun,0.22360679774997896
232,Chongyun,Rosaria,-0.1414213562373095
233,Chongyun,Sangonomiya Kokomi,0.14907119849998596
234,Chongyun,Sayu,0.2981423969999719
235,Chongyun,Shenhe,0.22360679774997896
236,Chongyun,Sucrose,0.3380617018914066
237,Chongyun,Tartaglia,-0.39999999999999997
238,Chongyun,Thoma,-0.3162277660168379
239,Chongyun,Venti,0.15811388300841894
240,Chongyun,Xiangling,-0.7302967433402215
241,Chongyun,Xiao,0.39999999999999997
242,Chongyun,Xingqiu,0.15811388300841894
243,Chongyun,Xinyan,-0.6201736729460423
244,Chongyun,Yae Miko,0.18257418583505539
245,Chongyun,Yelan,-0.8451542547285164
246,Chongyun,Yoimiya,0.25819888974716115
247,Chongyun,Yun Jin,-0.3380617018914066
248,Diluc,Diluc,1.0000000000000002
249,Diluc,Diona,-0.2721655269759087
250,Diluc,Eula,0.25819888974716115
251,Diluc,Fischl,-0.20412414523193154
252,Diluc,Ganyu,-0.09622504486493764
253,Diluc,Gorou,0.46291004988627577
254,Diluc,Jean,-0.20412414523193154
255,Diluc,Kaedehara Kazuha,0.15430334996209194
256,Diluc,Kaeya,-0.46291004988627577
257,Diluc,Kamisato Ayaka,0.43301270189221935
258,Diluc,Kamisato Ayato,0.2886751345948129
259,Diluc,Keqing,0.36514837167011077
260,Diluc,Klee,-0.4082482904638631
261,Diluc,Kujou Sara,-0.14433756729740646
262,Diluc,Mona,-0.1666666666666667
263,Diluc,Qiqi,0.1543033499620919
264,Diluc,Raiden Shogun,0.4082482904638631
265,Diluc,Razor,-0.2357022603955159
266,Diluc,Rosaria,0.12909944487358058
267,Diluc,Sangonomiya Kokomi,0.2721655269759087
268,Diluc,Sayu,0.2721655269759087
269,Diluc,Shenhe,0.20412414523193154
270,Diluc,Tartaglia,-0.18257418583505539
271,Diluc,Xiangling,-0.1666666666666667
272,Diluc,Xiao,-0.18257418583505539
273,Diluc,Xingqiu,0.2886751345948129
274,Diluc,Xinyan,-0.45291081365783836
275,Diluc,Yae Miko,0.1666666666666667
276,Diluc,Yanfei,0.20412414523193154
277,Diluc,Yelan,-0.46291004988627577
278,Diluc,Yoimiya,0.2357022603955159
279,Diluc,Yun Jin,-0.15430334996209194
280,Diluc,Zhongli,0.15430334996209194
281,Diona,Diona,0.9999999999999997
282,Diona,Eula,-0.21081851067789195
283,Diona,Fischl,-0.16666666666666666
284,Diona,Ganyu,-0.5499719409228703
285,Diona,Gorou,-0.2519763153394848
286,Diona,Hu Tao,0.1178511301977579
287,Diona,Kaedehara Kazuha,0.5039526306789696
288,Diona,Kaeya,0.3779644730092272
289,Diona,Kamisato Ayaka,-0.1178511301977579
290,Diona,Keqing,-0.14907119849998596
291,Diona,Klee,0.5
292,Diona,Kujou Sara,0.1178511301977579
293,Diona,Lisa,-0.2519763153394848
294,Diona,Mona,0.2721655269759087
295,Diona,Noelle,-0.5773502691896258
296,Diona,Qiqi,-0.1259881576697424
297,Diona,Raiden Shogun,-0.3333333333333333
298,Diona,Razor,0.48112522432468824
299,Diona,Rosaria,0.4216370213557839
300,Diona,Sangonomiya Kokomi,-0.6666666666666665
301,Diona,Shenhe,0.16666666666666666
302,Diona,Sucrose,0.1259881576697424
303,Diona,Tartaglia,0.44721359549995787
304,Diona,Thoma,0.35355339059327373
305,Diona,Xiao,0.14907119849998596
306,Diona,Xingqiu,0.1178511301977579
307,Diona,Xinyan,0.4622501635210243
308,Diona,Yae Miko,-0.13608276348795434
309,Diona,Yanfei,-0.3333333333333333
310,Diona,Yelan,0.2519763153394848
311,Diona,Yoimiya,-0.3849001794597505
312,Diona,Yun Jin,0.2519763153394848
313,Diona,Zhongli,-0.2519763153394848
314,Eula,Eula,0.9999999999999999
315,Eula,Fischl,0.4743416490252569
316,Eula,Ganyu,0.223606797749979
317,Eula,Gorou,0.7171371656006361
318,Eula,Hu Tao,-0.4472135954999579
319,Eula,Jean,-0.15811388300841897
320,Eula,Kaedehara Kazuha,-0.23904572186687872
321,Eula,Kaeya,-0.35856858280031806
322,Eula,Kamisato Ayaka,0.22360679774997894
323,Eula,Kamisato Ayato,0.22360679774997896
324,Eula,Keqing,0.1414213562373095
325,Eula,Klee,-0.31622776601683794
326,Eula,Kujou Sara,-0.6708203932499369
327,Eula,Lisa,0.23904572186687872
328,Eula,Ningguang,0.11180339887498948
329,Eula,Noelle,0.2738612787525831
330,Eula,Qiqi,0.5976143046671968
331,Eula,Raiden Shogun,0.4743416490252569
332,Eula,Razor,-0.36514837167011077
333,Eula,Rosaria,-0.39999999999999997
334,Eula,Sangonomiya Kokomi,0.31622776601683794
335,Eula,Sayu,0.21081851067789195
336,Eula,Shenhe,-0.15811388300841897
337,Eula,Sucrose,0.5976143046671968
338,Eula,Tartaglia,-0.4242640687119285
339,Eula,Thoma,-0.33541019662496846
340,Eula,Venti,0.33541019662496846
341,Eula,Xiangling,-0.25819888974716115
342,Eula,Xiao,0.282842712474619
343,Eula,Xingqiu,0.223606797749979
344,Eula,Xinyan,-0.6139406135149205
345,Eula,Yanfei,-0.15811388300841897
346,Eula,Yelan,-0.7171371656006361
347,Eula,Yoimiya,0.5477225575051662
348,Eula,Yun Jin,-0.35856858280031806
349,Eula,Zhongli,-0.23904572186687872
350,Fischl,Fischl,1.0
351,Fischl,Gorou,0.3779644730092272
352,Fischl,Hu Tao,-0.17677669529663687
353,Fischl,Kaedehara Kazuha,-0.1889822365046136
354,Fischl,Kaeya,-0.3779644730092272
355,Fischl,Kamisato Ayato,0.17677669529663687
356,Fischl,Keqing,0.22360679774997896
357,Fischl,Kujou Sara,-0.35355339059327373
358,Fischl,Mona,0.20412414523193154
359,Fischl,Ningguang,0.17677669529663687
360,Fischl,Noelle,0.14433756729740646
361,Fischl,Qiqi,0.1889822365046136
362,Fischl,Raiden Shogun,0.5
363,Fischl,Razor,-0.2886751345948129
364,Fischl,Rosaria,-0.31622776601683794
365,Fischl,Sangonomiya Kokomi,0.16666666666666666
366,Fischl,Sayu,0.16666666666666666
367,Fischl,Sucrose,0.5669467095138407
368,Fischl,Xiangling,-0.20412414523193154
369,Fischl,Xiao,0.22360679774997896
370,Fischl,Xinyan,-0.2773500981126146
371,Fischl,Yanfei,-0.25
372,Fischl,Yelan,-0.3779644730092272
373,Fischl,Yoimiya,0.2886751345948129
374,Fischl,Zhongli,-0.3779644730092272
375,Ganyu,Ganyu,1.0000000000000002
376,Ganyu,Gorou,0.0890870806374748
377,Ganyu,Hu Tao,-0.08333333333333333
378,Ganyu,Jean,-0.23570226039551587
379,Ganyu,Kaedehara Kazuha,-0.5345224838248488
380,Ganyu,Kamisato Ayato,-0.08333333333333333
381,Ganyu,Keqing,-0.4216370213557839
382,Ganyu,Klee,-0.23570226039551587
383,Ganyu,Kujou Sara,-0.16666666666666669
384,Ganyu,Lisa,0.2672612419124244
385,Ganyu,Mona,-0.2886751345948129
386,Ganyu,Ningguang,-0.49999999999999994
387,Ganyu,Noelle,0.47628967220784024
388,Ganyu,Qiqi,0.3563483225498992
389,Ganyu,Razor,-0.4082482904638631
390,Ganyu,Rosaria,-0.37267799624996495
391,Ganyu,Sangonomiya Kokomi,0.23570226039551584
392,Ganyu,Sayu,-0.23570226039551587
393,Ganyu,Shenhe,-0.3535533905932738
394,Ganyu,Tartaglia,-0.5270462766947299
395,Ganyu,Thoma,-0.6666666666666666
396,Ganyu,Xiangling,-0.1924500897298753
397,Ganyu,Xiao,0.10540925533894599
398,Ganyu,Xingqiu,-0.49999999999999994
399,Ganyu,Xinyan,-0.3268602252303068
400,Ganyu,Yae Miko,-0.09622504486493766
401,Ganyu,Yanfei,0.11785113019775793
402,Ganyu,Yelan,-0.0890870806374748
403,Ganyu,Yoimiya,0.13608276348795437
404,Ganyu,Yun Jin,-0.445435403187374
405,Ganyu,Zhongli,0.2672612419124244
406,Gorou,Gorou,0.9999999999999997
407,Gorou,Hu Tao,-0.13363062095621217
408,Gorou,Jean,0.1889822365046136
409,Gorou,Kaeya,-0.5714285714285713
410,Gorou,Kamisato Ayaka,0.26726124191242434
411,Gorou,Kamisato Ayato,0.4008918628686365
412,Gorou,Keqing,0.1690308509457033
413,Gorou,Klee,-0.1889822365046136
414,Gorou,Kujou Sara,-0.4008918628686365
415,Gorou,Mona,-0.3086066999241838
416,Gorou,Ningguang,0.13363062095621217
417,Gorou,Noelle,0.1091089451179962
418,Gorou,Qiqi,0.28571428571428564
419,Gorou,Raiden Shogun,0.5669467095138407
420,Gorou,Razor,-0.2182178902359924
421,Gorou,Rosaria,-0.35856858280031806
422,Gorou,Sangonomiya Kokomi,0.3779644730092272
423,Gorou,Sayu,0.5039526306789696
424,Gorou,Shenhe,0.1889822365046136
425,Gorou,Sucrose,0.5714285714285713
426,Gorou,Tartaglia,-0.3380617018914066
427,Gorou,Thoma,-0.4008918628686365
428,Gorou,Venti,0.13363062095621217
429,Gorou,Xiangling,-0.6172133998483676
430,Gorou,Xiao,0.3380617018914066
431,Gorou,Xingqiu,0.13363062095621217
432,Gorou,Xinyan,-0.7337993857053426
433,Gorou,Yae Miko,0.1543033499620919
434,Gorou,Yelan,-0.9999999999999997
435,Gorou,Yoimiya,0.6546536707079772
436,Gorou,Yun Jin,-0.28571428571428564
437,Hu Tao,Hu Tao,0.9999999999999999
438,Hu Tao,Jean,-0.17677669529663687
439,Hu Tao,Kaedehara Kazuha,0.26726124191242434
440,Hu Tao,Kaeya,-0.13363062095621217
441,Hu Tao,Kamisato Ayaka,-0.12499999999999999
442,Hu Tao,Kamisato Ayato,0.12499999999999997
443,Hu Tao,Keqing,0.15811388300841894
444,Hu Tao,Klee,0.35355339059327373
445,Hu Tao,Kujou Sara,0.24999999999999994
446,Hu Tao,Lisa,0.13363062095621217
447,Hu Tao,Mona,-0.2886751345948129
448,Hu Tao,Ningguang,-0.12499999999999997
449,Hu Tao,Noelle,0.10206207261596575
450,Hu Tao,Qiqi,-0.26726124191242434
451,Hu Tao,Raiden Shogun,-0.17677669529663687
452,Hu Tao,Razor,0.10206207261596575
453,Hu Tao,Rosaria,0.223606797749979
454,Hu Tao,Sangonomiya Kokomi,-0.35355339059327373
455,Hu Tao,Sayu,-0.1178511301977579
456,Hu Tao,Shenhe,0.17677669529663687
457,Hu Tao,Sucrose,-0.13363062095621217
458,Hu Tao,Thoma,0.12499999999999997
459,Hu Tao,Xiangling,-0.28867513459481287
460,Hu Tao,Yanfei,0.17677669529663687
461,Hu Tao,Yelan,0.13363062095621217
462,Hu Tao,Yoimiya,-0.408248290463863
463,Hu Tao,Zhongli,-0.13363062095621217
464,Jean,Jean,1.0
465,Jean,Kaeya,0.1889822365046136
466,Jean,Kamisato Ayato,-0.17677669529663687
467,Jean,Kujou Sara,0.35355339059327373
468,Jean,Lisa,-0.1889822365046136
469,Jean,Ningguang,0.17677669529663687
470,Jean,Noelle,-0.2886751345948129
471,Jean,Qiqi,-0.3779644730092272
472,Jean,Raiden Shogun,-0.25
473,Jean,Razor,0.2886751345948129
474,Jean,Rosaria,-0.15811388300841897
475,Jean,Sangonomiya Kokomi,0.16666666666666666
476,Jean,Sayu,0.16666666666666666
477,Jean,Shenhe,0.25
478,Jean,Sucrose,-0.1889822365046136
479,Jean,Xiangling,-0.20412414523193154
480,Jean,Xiao,0.22360679774997896
481,Jean,Xinyan,0.1386750490563073
482,Jean,Yelan,-0.1889822365046136
483,Jean,Yoimiya,0.2886751345948129
484,Jean,Yun Jin,0.1889822365046136
485,Kaedehara Kazuha,Kaedehara Kazuha,0.9999999999999997
486,Kaedehara Kazuha,Kamisato Ayaka,0.13363062095621217
487,Kaedehara Kazuha,Kamisato Ayato,0.13363062095621217
488,Kaedehara Kazuha,Keqing,0.1690308509457033
489,Kaedehara Kazuha,Klee,0.5669467095138407
490,Kaedehara Kazuha,Lisa,-0.14285714285714282
491,Kaedehara Kazuha,Ningguang,0.13363062095621217
492,Kaedehara Kazuha,Noelle,-0.3273268353539886
493,Kaedehara Kazuha,Qiqi,-0.4285714285714285
494,Kaedehara Kazuha,Raiden Shogun,-0.1889822365046136
495,Kaedehara Kazuha,Razor,0.4364357804719848
496,Kaedehara Kazuha,Rosaria,0.4780914437337574
497,Kaedehara Kazuha,Sangonomiya Kokomi,-0.6299407883487119
498,Kaedehara Kazuha,Sayu,0.1259881576697424
499,Kaedehara Kazuha,Shenhe,0.5669467095138407
500,Kaedehara Kazuha,Sucrose,-0.14285714285714282
501,Kaedehara Kazuha,Tartaglia,0.3380617018914066
502,Kaedehara Kazuha,Thoma,0.13363062095621217
503,Kaedehara Kazuha,Venti,-0.13363062095621217
504,Kaedehara Kazuha,Xiao,0.1690308509457033
505,Kaedehara Kazuha,Xingqiu,0.13363062095621217
506,Kaedehara Kazuha,Xinyan,0.3144854510165755
507,Kaedehara Kazuha,Yoimiya,-0.2182178902359924
508,Kaedehara Kazuha,Yun Jin,0.28571428571428564
509,Kaedehara Kazuha,Zhongli,-0.14285714285714282
510,Kaeya,Kaeya,0.9999999999999997
511,Kaeya,Kamisato Ayaka,-0.4008918628686365
512,Kaeya,Kamisato Ayato,-0.4008918628686365
513,Kaeya,Keqing,-0.5070925528371099
514,Kaeya,Klee,0.1889822365046136
515,Kaeya,Kujou Sara,0.26726124191242434
516,Kaeya,Lisa,-0.14285714285714282
517,Kaeya,Mona,0.1543033499620919
518,Kaeya,Ningguang,-0.4008918628686365
519,Kaeya,Noelle,-0.3273268353539886
520,Kaeya,Qiqi,-0.28571428571428564
521,Kaeya,Raiden Shogun,-0.5669467095138407
522,Kaeya,Razor,0.3273268353539886
523,Kaeya,Rosaria,0.11952286093343936
524,Kaeya,Sangonomiya Kokomi,-0.2519763153394848
525,Kaeya,Sayu,-0.2519763153394848
526,Kaeya,Shenhe,-0.1889822365046136
527,Kaeya,Sucrose,-0.28571428571428564
528,Kaeya,Tartaglia,0.1690308509457033
529,Kaeya,Thoma,0.13363062095621217
530,Kaeya,Venti,0.26726124191242434
531,Kaeya,Xiangling,0.3086066999241838
532,Kaeya,Xiao,-0.1690308509457033
533,Kaeya,Xingqiu,-0.26726124191242434
534,Kaeya,Xinyan,0.6289709020331509
535,Kaeya,Yae Miko,-0.3086066999241838
536,Kaeya,Yanfei,-0.1889822365046136
537,Kaeya,Yelan,0.5714285714285713
538,Kaeya,Yoimiya,-0.2182178902359924
539,Kaeya,Yun Jin,0.4285714285714285
540,Kamisato Ayaka,Kamisato Ayaka,0.9999999999999999
541,Kamisato Ayaka,Kamisato Ayato,0.12499999999999997
542,Kamisato Ayaka,Keqing,0.3162277660168379
543,Kamisato Ayaka,Klee,-0.17677669529663687
544,Kamisato Ayaka,Kujou Sara,-0.24999999999999997
545,Kamisato Ayaka,Lisa,0.4008918628686365
546,Kamisato Ayaka,Ningguang,0.12499999999999997
547,Kamisato Ayaka,Noelle,0.3061862178478973
548,Kamisato Ayaka,Qiqi,0.13363062095621217
549,Kamisato Ayaka,Raiden Shogun,0.17677669529663687
550,Kamisato Ayaka,Razor,-0.20412414523193154
551,Kamisato Ayaka,Rosaria,-0.11180339887498947
552,Kamisato Ayaka,Sangonomiya Kokomi,0.1178511301977579
553,Kamisato Ayaka,Sayu,0.1178511301977579
554,Kamisato Ayaka,Shenhe,-0.17677669529663687
555,Kamisato Ayaka,Sucrose,0.13363062095621217
556,Kamisato Ayaka,Thoma,0.12499999999999997
557,Kamisato Ayaka,Xiao,0.15811388300841894
558,Kamisato Ayaka,Xingqiu,0.24999999999999997
559,Kamisato Ayaka,Xinyan,-0.49029033784546006
560,Kamisato Ayaka,Yae Miko,-0.2886751345948129
561,Kamisato Ayaka,Yelan,-0.26726124191242434
562,Kamisato Ayaka,Yoimiya,0.2041241452319315
563,Kamisato Ayaka,Yun Jin,-0.13363062095621217
564,Kamisato Ayato,Kamisato Ayato,0.9999999999999999
565,Kamisato Ayato,Keqing,0.15811388300841894
566,Kamisato Ayato,Kujou Sara,-0.24999999999999994
567,Kamisato Ayato,Lisa,0.13363062095621217
568,Kamisato Ayato,Ningguang,0.12499999999999997
569,Kamisato Ayato,Noelle,-0.10206207261596578
570,Kamisato Ayato,Qiqi,0.13363062095621217
571,Kamisato Ayato,Raiden Shogun,0.5303300858899106
572,Kamisato Ayato,Razor,-0.2041241452319315
573,Kamisato Ayato,Rosaria,-0.22360679774997896
574,Kamisato Ayato,Sangonomiya Kokomi,0.1178511301977579
575,Kamisato Ayato,Sayu,0.1178511301977579
576,Kamisato Ayato,Shenhe,0.17677669529663687
577,Kamisato Ayato,Sucrose,0.26726124191242434
578,Kamisato Ayato,Thoma,-0.24999999999999994
579,Kamisato Ayato,Venti,-0.49999999999999994
580,Kamisato Ayato,Xiangling,-0.2886751345948129
581,Kamisato Ayato,Xiao,-0.15811388300841894
582,Kamisato Ayato,Xingqiu,0.12499999999999997
583,Kamisato Ayato,Xinyan,-0.294174202707276
584,Kamisato Ayato,Yanfei,0.17677669529663687
585,Kamisato Ayato,Yelan,-0.4008918628686365
586,Kamisato Ayato,Yoimiya,0.408248290463863
587,Kamisato Ayato,Yun Jin,-0.13363062095621217
588,Keqing,Keqing,0.9999999999999999
589,Keqing,Klee,-0.22360679774997896
590,Keqing,Lisa,0.1690308509457033
591,Keqing,Mona,0.18257418583505539
592,Keqing,Ningguang,0.3162277660168379
593,Keqing,Qiqi,-0.1690308509457033
594,Keqing,Razor,0.12909944487358058
595,Keqing,Rosaria,0.282842712474619
596,Keqing,Sayu,0.14907119849998596
597,Keqing,Shenhe,0.22360679774997896
598,Keqing,Thoma,0.47434164902525683
599,Keqing,Venti,-0.15811388300841894
600,Keqing,Xiangling,-0.18257418583505539
601,Keqing,Xiao,-0.19999999999999998
602,Keqing,Xingqiu,0.47434164902525683
603,Keqing,Xinyan,-0.2480694691784169
604,Keqing,Yae Miko,0.36514837167011077
605,Keqing,Yanfei,0.4472135954999579
606,Keqing,Yelan,-0.1690308509457033
607,Keqing,Zhongli,-0.5070925528371099
608,Klee,Klee,1.0
609,Klee,Kujou Sara,0.17677669529663687
610,Klee,Lisa,-0.1889822365046136
611,Klee,Mona,-0.20412414523193154
612,Klee,Ningguang,0.17677669529663687
613,Klee,Noelle,-0.14433756729740646
614,Klee,Qiqi,-0.3779644730092272
615,Klee,Raiden Shogun,-0.25
616,Klee,Razor,0.14433756729740646
617,Klee,Sangonomiya Kokomi,-0.5
618,Klee,Tartaglia,0.22360679774997896
619,Klee,Xiao,0.4472135954999579
620,Klee,Xinyan,0.2773500981126146
621,Klee,Yelan,0.1889822365046136
622,Klee,Yoimiya,-0.2886751345948129
623,Klee,Yun Jin,0.1889822365046136
624,Kujou Sara,Kujou Sara,0.9999999999999999
625,Kujou Sara,Lisa,-0.5345224838248487
626,Kujou Sara,Mona,0.14433756729740646
627,Kujou Sara,Ningguang,0.12499999999999999
628,Kujou Sara,Noelle,-0.5103103630798288
629,Kujou Sara,Qiqi,-0.4008918628686365
630,Kujou Sara,Raiden Shogun,-0.5303300858899106
631,Kujou Sara,Razor,0.4082482904638631
632,Kujou Sara,Rosaria,0.33541019662496846
633,Kujou Sara,Sayu,0.1178511301977579
634,Kujou Sara,Sucrose,-0.5345224838248487
635,Kujou Sara,Thoma,0.24999999999999994
636,Kujou Sara,Venti,-0.24999999999999997
637,Kujou Sara,Xiangling,-0.14433756729740646
638,Kujou Sara,Xiao,-0.3162277660168379
639,Kujou Sara,Xingqiu,-0.24999999999999997
640,Kujou Sara,Xinyan,0.39223227027636803
641,Kujou Sara,Yanfei,0.17677669529663687
642,Kujou Sara,Yelan,0.4008918628686365
643,Kujou Sara,Yoimiya,-0.408248290463863
644,Kujou Sara,Yun Jin,0.26726124191242434
645,Kujou Sara,Zhongli,0.26726124191242434
646,Lisa,Lisa,0.9999999999999997
647,Lisa,Noelle,0.545544725589981
648,Lisa,Qiqi,0.14285714285714282
649,Lisa,Razor,-0.2182178902359924
650,Lisa,Rosaria,-0.23904572186687872
651,Lisa,Sayu,-0.5039526306789696
652,Lisa,Shenhe,-0.1889822365046136
653,Lisa,Venti,0.13363062095621217
654,Lisa,Xiangling,0.1543033499620919
655,Lisa,Xiao,0.1690308509457033
656,Lisa,Xingqiu,0.26726124191242434
657,Lisa,Xinyan,-0.3144854510165755
658,Lisa,Yae Miko,-0.15430334996209194
659,Lisa,Yanfei,0.1889822365046136
660,Lisa,Yun Jin,-0.28571428571428564
661,Lisa,Zhongli,-0.28571428571428564
662,Mona,Mona,1.0000000000000002
663,Mona,Ningguang,0.14433756729740643
664,Mona,Noelle,-0.35355339059327384
665,Mona,Qiqi,0.1543033499620919
666,Mona,Raiden Shogun,-0.20412414523193154
667,Mona,Razor,0.2357022603955159
668,Mona,Rosaria,0.38729833462074176
669,Mona,Sangonomiya Kokomi,-0.13608276348795434
670,Mona,Sayu,-0.2721655269759087
671,Mona,Sucrose,-0.1543033499620919
672,Mona,Tartaglia,0.18257418583505539
673,Mona,Thoma,0.2886751345948129
674,Mona,Venti,-0.2886751345948129
675,Mona,Xiangling,0.1666666666666667
676,Mona,Xiao,-0.36514837167011077
677,Mona,Xingqiu,-0.14433756729740643
678,Mona,Xinyan,0.45291081365783836
679,Mona,Yae Miko,-0.1666666666666667
680,Mona,Yanfei,-0.20412414523193154
681,Mona,Yelan,0.3086066999241838
682,Mona,Yoimiya,-0.2357022603955159
683,Mona,Yun Jin,0.3086066999241838
684,Mona,Zhongli,-0.46291004988627577
685,Ningguang,Ningguang,0.9999999999999999
686,Ningguang,Noelle,-0.10206207261596578
687,Ningguang,Raiden Shogun,0.17677669529663687
688,Ningguang,Razor,0.10206207261596577
689,Ningguang,Rosaria,-0.11180339887498948
690,Ningguang,Sangonomiya Kokomi,0.2357022603955158
691,Ningguang,Sayu,0.2357022603955158
692,Ningguang,Tartaglia,0.15811388300841894
693,Ningguang,Thoma,0.24999999999999994
694,Ningguang,Xiangling,0.14433756729740646
695,Ningguang,Xiao,0.15811388300841894
696,Ningguang,Xingqiu,0.49999999999999994
697,Ningguang,Xinyan,-0.09805806756909201
698,Ningguang,Yelan,-0.13363062095621217
699,Ningguang,Zhongli,0.13363062095621217
700,Noelle,Noelle,1.0000000000000002
701,Noelle,Qiqi,0.3273268353539886
702,Noelle,Raiden Shogun,0.2886751345948129
703,Noelle,Razor,-0.6666666666666669
704,Noelle,Rosaria,-0.5477225575051662
705,Noelle,Sangonomiya Kokomi,0.1924500897298753
706,Noelle,Sayu,-0.2886751345948129
707,Noelle,Shenhe,-0.4330127018922194
708,Noelle,Sucrose,0.1091089451179962
709,Noelle,Tartaglia,-0.38729833462074176
710,Noelle,Thoma,-0.3061862178478973
711,Noelle,Venti,0.3061862178478973
712,Noelle,Xiangling,0.2357022603955159
713,Noelle,Xiao,0.25819888974716115
714,Noelle,Xingqiu,0.10206207261596575
715,Noelle,Xinyan,-0.4803844614152615
716,Noelle,Yelan,-0.1091089451179962
717,Noelle,Yoimiya,0.1666666666666667
718,Noelle,Yun Jin,-0.3273268353539886
719,Qiqi,Qiqi,0.9999999999999997
720,Qiqi,Raiden Shogun,0.3779644730092272
721,Qiqi,Razor,-0.545544725589981
722,Qiqi,Rosaria,-0.35856858280031806
723,Qiqi,Sangonomiya Kokomi,0.1259881576697424
724,Qiqi,Sayu,-0.2519763153394848
725,Qiqi,Shenhe,-0.3779644730092272
726,Qiqi,Sucrose,0.28571428571428564
727,Qiqi,Tartaglia,-0.5070925528371099
728,Qiqi,Thoma,-0.4008918628686365
729,Qiqi,Venti,0.13363062095621217
730,Qiqi,Xiangling,-0.1543033499620919
731,Qiqi,Xiao,0.1690308509457033
732,Qiqi,Xingqiu,0.13363062095621217
733,Qiqi,Xinyan,-0.4193139346887673
734,Qiqi,Yae Miko,-0.15430334996209194
735,Qiqi,Yanfei,-0.3779644730092272
736,Qiqi,Yelan,-0.28571428571428564
737,Qiqi,Yoimiya,0.2182178902359924
738,Qiqi,Yun Jin,-0.5714285714285713
739,Raiden Shogun,Raiden Shogun,1.0
740,Raiden Shogun,Razor,-0.5773502691896258
741,Raiden Shogun,Rosaria,-0.4743416490252569
742,Raiden Shogun,Sangonomiya Kokomi,0.5
743,Raiden Shogun,Sayu,0.3333333333333333
744,Raiden Shogun,Sucrose,0.5669467095138407
745,Raiden Shogun,Thoma,-0.17677669529663687
746,Raiden Shogun,Xingqiu,0.17677669529663687
747,Raiden Shogun,Xinyan,-0.5547001962252291
748,Raiden Shogun,Yanfei,-0.25
749,Raiden Shogun,Yelan,-0.5669467095138407
750,Raiden Shogun,Yoimiya,0.5773502691896258
751,Raiden Shogun,Yun Jin,-0.1889822365046136
752,Raiden Shogun,Zhongli,0.1889822365046136
753,Razor,Razor,1.0000000000000002
754,Razor,Rosaria,0.7302967433402215
755,Razor,Sangonomiya Kokomi,-0.2886751345948129
756,Razor,Sayu,0.2886751345948129
757,Razor,Shenhe,0.4330127018922194
758,Razor,Sucrose,-0.1091089451179962
759,Razor,Tartaglia,0.5163977794943223
760,Razor,Thoma,0.4082482904638631
761,Razor,Venti,-0.10206207261596575
762,Razor,Xiangling,-0.11785113019775795
763,Razor,Xiao,-0.25819888974716115
764,Razor,Xingqiu,-0.20412414523193154
765,Razor,Xinyan,0.4803844614152615
766,Razor,Yanfei,0.14433756729740646
767,Razor,Yelan,0.2182178902359924
768,Razor,Yoimiya,-0.3333333333333334
769,Razor,Yun Jin,0.4364357804719848
770,Razor,Zhongli,-0.1091089451179962
771,Rosaria,Rosaria,0.9999999999999999
772,Rosaria,Sangonomiya Kokomi,-0.4216370213557839
773,Rosaria,Sayu,0.10540925533894598
774,Rosaria,Shenhe,0.4743416490252569
775,Rosaria,Sucrose,-0.2390457218668787
776,Rosaria,Tartaglia,0.4242640687119285
777,Rosaria,Thoma,0.4472135954999579
778,Rosaria,Venti,-0.223606797749979
779,Rosaria,Xiao,-0.4242640687119285
780,Rosaria,Xingqiu,-0.223606797749979
781,Rosaria,Xinyan,0.5262348115842176
782,Rosaria,Yae Miko,0.1290994448735806
783,Rosaria,Yanfei,0.15811388300841897
784,Rosaria,Yelan,0.35856858280031806
785,Rosaria,Yoimiya,-0.5477225575051662
786,Rosaria,Yun Jin,0.35856858280031806
787,Rosaria,Zhongli,-0.23904572186687872
788,Sangonomiya Kokomi,Sangonomiya Kokomi,0.9999999999999997
789,Sangonomiya Kokomi,Sayu,0.4444444444444444
790,Sangonomiya Kokomi,Shenhe,-0.3333333333333333
791,Sangonomiya Kokomi,Sucrose,0.2519763153394848
792,Sangonomiya Kokomi,Tartaglia,-0.14907119849998599
793,Sangonomiya Kokomi,Thoma,-0.1178511301977579
794,Sangonomiya Kokomi,Venti,0.1178511301977579
795,Sangonomiya Kokomi,Xiao,-0.2981423969999719
796,Sangonomiya Kokomi,Xingqiu,-0.1178511301977579
797,Sangonomiya Kokomi,Xinyan,-0.4622501635210243
798,Sangonomiya Kokomi,Yanfei,0.16666666666666666
799,Sangonomiya Kokomi,Yelan,-0.3779644730092272
800,Sangonomiya Kokomi,Yoimiya,0.5773502691896258
801,Sangonomiya Kokomi,Zhongli,0.3779644730092272
802,Sayu,Sayu,0.9999999999999997
803,Sayu,Shenhe,0.16666666666666666
804,Sayu,Sucrose,0.5039526306789696
805,Sayu,Tartaglia,0.14907119849998596
806,Sayu,Thoma,0.1178511301977579
807,Sayu,Venti,0.1178511301977579
808,Sayu,Xiangling,-0.2721655269759087
809,Sayu,Xiao,-0.14907119849998596
810,Sayu,Xingqiu,-0.1178511301977579
811,Sayu,Xinyan,-0.2773500981126146
812,Sayu,Yelan,-0.5039526306789696
813,Sayu,Yoimiya,0.3849001794597505
814,Sayu,Yun Jin,0.2519763153394848
815,Sayu,Zhongli,0.2519763153394848
816,Shenhe,Shenhe,1.0
817,Shenhe,Sucrose,-0.1889822365046136
818,Shenhe,Tartaglia,0.22360679774997896
819,Shenhe,Venti,-0.35355339059327373
820,Shenhe,Xiangling,-0.20412414523193154
821,Shenhe,Xinyan,0.2773500981126146
822,Shenhe,Yae Miko,0.20412414523193154
823,Shenhe,Yelan,-0.1889822365046136
824,Shenhe,Zhongli,-0.1889822365046136
825,Sucrose,Sucrose,0.9999999999999997
826,Sucrose,Tartaglia,0.1690308509457033
827,Sucrose,Venti,0.26726124191242434
828,Sucrose,Xiangling,-0.3086066999241838
829,Sucrose,Xiao,0.1690308509457033
830,Sucrose,Xinyan,-0.5241424183609591
831,Sucrose,Yanfei,-0.1889822365046136
832,Sucrose,Yelan,-0.5714285714285713
833,Sucrose,Yoimiya,0.4364357804719848
834,Sucrose,Zhongli,-0.14285714285714282
835,Tartaglia,Tartaglia,0.9999999999999999
836,Tartaglia,Thoma,0.6324555320336758
837,Tartaglia,Venti,-0.15811388300841894
838,Tartaglia,Xiangling,0.36514837167011077
839,Tartaglia,Xiao,-0.19999999999999998
840,Tartaglia,Xinyan,0.3721042037676254
841,Tartaglia,Yelan,0.3380617018914066
842,Tartaglia,Yoimiya,-0.25819888974716115
843,Tartaglia,Yun Jin,0.5070925528371099
844,Thoma,Thoma,0.9999999999999999
845,Thoma,Venti,0.12499999999999997
846,Thoma,Xiangling,0.2886751345948129
847,Thoma,Xiao,-0.3162277660168379
848,Thoma,Xingqiu,0.37499999999999994
849,Thoma,Xinyan,0.19611613513818402
850,Thoma,Yelan,0.4008918628686365
851,Thoma,Yoimiya,-0.408248290463863
852,Thoma,Yun Jin,0.40089186286863654
853,Thoma,Zhongli,-0.26726124191242434
854,Venti,Venti,0.9999999999999999
855,Venti,Xiangling,0.14433756729740646
856,Venti,Xiao,0.3162277660168379
857,Venti,Xingqiu,0.24999999999999994
858,Venti,Xinyan,-0.196116135138184
859,Venti,Yae Miko,-0.2886751345948129
860,Venti,Yanfei,-0.35355339059327373
861,Venti,Yelan,-0.13363062095621217
862,Venti,Yun Jin,0.13363062095621217
863,Xiangling,Xiangling,1.0000000000000002
864,Xiangling,Xiao,-0.18257418583505539
865,Xiangling,Xingqiu,0.14433756729740646
866,Xiangling,Xinyan,0.45291081365783836
867,Xiangling,Yae Miko,-0.1666666666666667
868,Xiangling,Yanfei,-0.20412414523193154
869,Xiangling,Yelan,0.6172133998483676
870,Xiangling,Yoimiya,-0.2357022603955159
871,Xiangling,Yun Jin,0.3086066999241838
872,Xiangling,Zhongli,0.1543033499620919
873,Xiao,Xiao,0.9999999999999999
874,Xiao,Xingqiu,0.3162277660168379
875,Xiao,Xinyan,-0.2480694691784169
876,Xiao,Yanfei,-0.22360679774997896
877,Xiao,Yelan,-0.3380617018914066
878,Xiao,Yun Jin,-0.3380617018914066
879,Xingqiu,Xingqiu,0.9999999999999999
880,Xingqiu,Xinyan,-0.294174202707276
881,Xingqiu,Yae Miko,0.14433756729740646
882,Xingqiu,Yelan,-0.13363062095621217
883,Xingqiu,Yun Jin,-0.26726124191242434
884,Xingqiu,Zhongli,-0.13363062095621217
885,Xinyan,Xinyan,1.0000000000000004
886,Xinyan,Yae Miko,-0.11322770341445959
887,Xinyan,Yanfei,-0.1386750490563073
888,Xinyan,Yelan,0.7337993857053426
889,Xinyan,Yoimiya,-0.4803844614152615
890,Xinyan,Yun Jin,0.5241424183609591
891,Xinyan,Zhongli,-0.10482848367219183
892,Yae Miko,Yae Miko,1.0000000000000002
893,Yae Miko,Yanfei,0.6123724356957946
894,Yae Miko,Yelan,-0.1543033499620919
895,Yae Miko,Yun Jin,-0.1543033499620919
896,Yae Miko,Zhongli,-0.1543033499620919
897,Yanfei,Yanfei,1.0
898,Yelan,Yelan,0.9999999999999997
899,Yelan,Yoimiya,-0.6546536707079772
900,Yelan,Yun Jin,0.28571428571428564
901,Yoimiya,Yoimiya,1.0000000000000002
902,Yoimiya,Yun Jin,-0.2182178902359924
903,Yun Jin,Yun Jin,0.9999999999999997
904,Zhongli,Zhongli,0.9999999999999997
